home,away,kickoff,bookmaker,outcome,odds
Newcastle United,Liverpool,2025-08-25T19:00:00Z,Betway,Liverpool,2.0
Newcastle United,Liverpool,2025-08-25T19:00:00Z,Betway,Newcastle United,3.4
Newcastle United,Liverpool,2025-08-25T19:00:00Z,Betway,Draw,3.8
Newcastle United,Liverpool,2025-08-25T19:00:00Z,Casumo,Liverpool,1.97
Newcastle United,Liverpool,2025-08-25T19:00:00Z,Casumo,Newcastle United,3.45
Newcastle United,Liverpool,2025-08-25T19:00:00Z,Casumo,Draw,3.9
Newcastle United,Liverpool,2025-08-25T19:00:00Z,Unibet,Liverpool,2.0
Newcastle United,Liverpool,2025-08-25T19:00:00Z,Unibet,Newcastle United,3.45
Newcastle United,Liverpool,2025-08-25T19:00:00Z,Unibet,Draw,3.9
Newcastle United,Liverpool,2025-08-25T19:00:00Z,LeoVegas,Liverpool,1.94
Newcastle United,Liverpool,2025-08-25T19:00:00Z,LeoVegas,Newcastle United,3.4
Newcastle United,Liverpool,2025-08-25T19:00:00Z,LeoVegas,Draw,3.85
Newcastle United,Liverpool,2025-08-25T19:00:00Z,Grosvenor,Liverpool,1.97
Newcastle United,Liverpool,2025-08-25T19:00:00Z,Grosvenor,Newcastle United,3.45
Newcastle United,Liverpool,2025-08-25T19:00:00Z,Grosvenor,Draw,3.9
Newcastle United,Liverpool,2025-08-25T19:00:00Z,Paddy Power,Liverpool,2.0
Newcastle United,Liverpool,2025-08-25T19:00:00Z,Paddy Power,Newcastle United,3.3
Newcastle United,Liverpool,2025-08-25T19:00:00Z,Paddy Power,Draw,3.8
Newcastle United,Liverpool,2025-08-25T19:00:00Z,Smarkets,Liverpool,2.08
Newcastle United,Liverpool,2025-08-25T19:00:00Z,Smarkets,Newcastle United,3.5
Newcastle United,Liverpool,2025-08-25T19:00:00Z,Smarkets,Draw,4.0
Newcastle United,Liverpool,2025-08-25T19:00:00Z,Smarkets,Liverpool,2.1
Newcastle United,Liverpool,2025-08-25T19:00:00Z,Smarkets,Newcastle United,3.65
Newcastle United,Liverpool,2025-08-25T19:00:00Z,Smarkets,Draw,4.1
Newcastle United,Liverpool,2025-08-25T19:00:00Z,888sport,Liverpool,1.95
Newcastle United,Liverpool,2025-08-25T19:00:00Z,888sport,Newcastle United,3.4
Newcastle United,Liverpool,2025-08-25T19:00:00Z,888sport,Draw,3.8
Newcastle United,Liverpool,2025-08-25T19:00:00Z,William Hill,Liverpool,1.95
Newcastle United,Liverpool,2025-08-25T19:00:00Z,William Hill,Newcastle United,3.4
Newcastle United,Liverpool,2025-08-25T19:00:00Z,William Hill,Draw,3.8
Newcastle United,Liverpool,2025-08-25T19:00:00Z,Sky Bet,Liverpool,2.0
Newcastle United,Liverpool,2025-08-25T19:00:00Z,Sky Bet,Newcastle United,3.25
Newcastle United,Liverpool,2025-08-25T19:00:00Z,Sky Bet,Draw,3.75
Newcastle United,Liverpool,2025-08-25T19:00:00Z,Betfair,Liverpool,2.08
Newcastle United,Liverpool,2025-08-25T19:00:00Z,Betfair,Newcastle United,3.55
Newcastle United,Liverpool,2025-08-25T19:00:00Z,Betfair,Draw,4.0
Newcastle United,Liverpool,2025-08-25T19:00:00Z,Betfair,Liverpool,2.1
Newcastle United,Liverpool,2025-08-25T19:00:00Z,Betfair,Newcastle United,3.65
Newcastle United,Liverpool,2025-08-25T19:00:00Z,Betfair,Draw,4.1
Newcastle United,Liverpool,2025-08-25T19:00:00Z,BoyleSports,Liverpool,1.95
Newcastle United,Liverpool,2025-08-25T19:00:00Z,BoyleSports,Newcastle United,3.3
Newcastle United,Liverpool,2025-08-25T19:00:00Z,BoyleSports,Draw,3.8
Newcastle United,Liverpool,2025-08-25T19:00:00Z,Coral,Liverpool,2.0
Newcastle United,Liverpool,2025-08-25T19:00:00Z,Coral,Newcastle United,3.4
Newcastle United,Liverpool,2025-08-25T19:00:00Z,Coral,Draw,3.8
Newcastle United,Liverpool,2025-08-25T19:00:00Z,Ladbrokes,Liverpool,2.0
Newcastle United,Liverpool,2025-08-25T19:00:00Z,Ladbrokes,Newcastle United,3.3
Newcastle United,Liverpool,2025-08-25T19:00:00Z,Ladbrokes,Draw,3.8
Newcastle United,Liverpool,2025-08-25T19:00:00Z,Bet Victor,Liverpool,2.0
Newcastle United,Liverpool,2025-08-25T19:00:00Z,Bet Victor,Newcastle United,3.4
Newcastle United,Liverpool,2025-08-25T19:00:00Z,Bet Victor,Draw,3.9
Newcastle United,Liverpool,2025-08-25T19:00:00Z,Betfair Sportsbook,Liverpool,1.91
Newcastle United,Liverpool,2025-08-25T19:00:00Z,Betfair Sportsbook,Newcastle United,3.2
Newcastle United,Liverpool,2025-08-25T19:00:00Z,Betfair Sportsbook,Draw,3.25
Newcastle United,Liverpool,2025-08-25T19:00:00Z,Matchbook,Liverpool,2.08
Newcastle United,Liverpool,2025-08-25T19:00:00Z,Matchbook,Newcastle United,3.55
Newcastle United,Liverpool,2025-08-25T19:00:00Z,Matchbook,Draw,4.0
Newcastle United,Liverpool,2025-08-25T19:00:00Z,Matchbook,Liverpool,2.1
Newcastle United,Liverpool,2025-08-25T19:00:00Z,Matchbook,Newcastle United,3.65
Newcastle United,Liverpool,2025-08-25T19:00:00Z,Matchbook,Draw,4.1
Chelsea,Fulham,2025-08-30T11:30:00Z,Paddy Power,Chelsea,1.5
Chelsea,Fulham,2025-08-30T11:30:00Z,Paddy Power,Fulham,6.0
Chelsea,Fulham,2025-08-30T11:30:00Z,Paddy Power,Draw,4.33
Chelsea,Fulham,2025-08-30T11:30:00Z,Smarkets,Chelsea,1.55
Chelsea,Fulham,2025-08-30T11:30:00Z,Smarkets,Fulham,6.4
Chelsea,Fulham,2025-08-30T11:30:00Z,Smarkets,Draw,4.5
Chelsea,Fulham,2025-08-30T11:30:00Z,Smarkets,Chelsea,1.58
Chelsea,Fulham,2025-08-30T11:30:00Z,Smarkets,Fulham,7.0
Chelsea,Fulham,2025-08-30T11:30:00Z,Smarkets,Draw,4.8
Chelsea,Fulham,2025-08-30T11:30:00Z,Sky Bet,Chelsea,1.53
Chelsea,Fulham,2025-08-30T11:30:00Z,Sky Bet,Fulham,5.5
Chelsea,Fulham,2025-08-30T11:30:00Z,Sky Bet,Draw,4.2
Chelsea,Fulham,2025-08-30T11:30:00Z,BoyleSports,Chelsea,1.5
Chelsea,Fulham,2025-08-30T11:30:00Z,BoyleSports,Fulham,5.5
Chelsea,Fulham,2025-08-30T11:30:00Z,BoyleSports,Draw,4.2
Chelsea,Fulham,2025-08-30T11:30:00Z,888sport,Chelsea,1.53
Chelsea,Fulham,2025-08-30T11:30:00Z,888sport,Fulham,5.5
Chelsea,Fulham,2025-08-30T11:30:00Z,888sport,Draw,4.2
Chelsea,Fulham,2025-08-30T11:30:00Z,William Hill,Chelsea,1.55
Chelsea,Fulham,2025-08-30T11:30:00Z,William Hill,Fulham,5.5
Chelsea,Fulham,2025-08-30T11:30:00Z,William Hill,Draw,4.2
Chelsea,Fulham,2025-08-30T11:30:00Z,Betfair,Chelsea,1.56
Chelsea,Fulham,2025-08-30T11:30:00Z,Betfair,Fulham,6.4
Chelsea,Fulham,2025-08-30T11:30:00Z,Betfair,Draw,4.6
Chelsea,Fulham,2025-08-30T11:30:00Z,Betfair,Chelsea,1.58
Chelsea,Fulham,2025-08-30T11:30:00Z,Betfair,Fulham,7.0
Chelsea,Fulham,2025-08-30T11:30:00Z,Betfair,Draw,4.8
Chelsea,Fulham,2025-08-30T11:30:00Z,Betway,Chelsea,1.53
Chelsea,Fulham,2025-08-30T11:30:00Z,Betway,Fulham,5.5
Chelsea,Fulham,2025-08-30T11:30:00Z,Betway,Draw,4.2
Chelsea,Fulham,2025-08-30T11:30:00Z,Bet Victor,Chelsea,1.5
Chelsea,Fulham,2025-08-30T11:30:00Z,Bet Victor,Fulham,6.0
Chelsea,Fulham,2025-08-30T11:30:00Z,Bet Victor,Draw,4.1
Chelsea,Fulham,2025-08-30T11:30:00Z,LeoVegas,Chelsea,1.49
Chelsea,Fulham,2025-08-30T11:30:00Z,LeoVegas,Fulham,5.1
Chelsea,Fulham,2025-08-30T11:30:00Z,LeoVegas,Draw,4.0
Chelsea,Fulham,2025-08-30T11:30:00Z,Casumo,Chelsea,1.53
Chelsea,Fulham,2025-08-30T11:30:00Z,Casumo,Fulham,5.5
Chelsea,Fulham,2025-08-30T11:30:00Z,Casumo,Draw,4.25
Chelsea,Fulham,2025-08-30T11:30:00Z,Unibet,Chelsea,1.53
Chelsea,Fulham,2025-08-30T11:30:00Z,Unibet,Fulham,5.5
Chelsea,Fulham,2025-08-30T11:30:00Z,Unibet,Draw,4.25
Chelsea,Fulham,2025-08-30T11:30:00Z,Grosvenor,Chelsea,1.53
Chelsea,Fulham,2025-08-30T11:30:00Z,Grosvenor,Fulham,5.5
Chelsea,Fulham,2025-08-30T11:30:00Z,Grosvenor,Draw,4.25
Chelsea,Fulham,2025-08-30T11:30:00Z,Betfair Sportsbook,Chelsea,1.44
Chelsea,Fulham,2025-08-30T11:30:00Z,Betfair Sportsbook,Fulham,5.5
Chelsea,Fulham,2025-08-30T11:30:00Z,Betfair Sportsbook,Draw,3.6
Chelsea,Fulham,2025-08-30T11:30:00Z,Matchbook,Chelsea,1.56
Chelsea,Fulham,2025-08-30T11:30:00Z,Matchbook,Fulham,6.4
Chelsea,Fulham,2025-08-30T11:30:00Z,Matchbook,Draw,4.7
Chelsea,Fulham,2025-08-30T11:30:00Z,Matchbook,Chelsea,1.58
Chelsea,Fulham,2025-08-30T11:30:00Z,Matchbook,Fulham,7.0
Chelsea,Fulham,2025-08-30T11:30:00Z,Matchbook,Draw,4.8
Chelsea,Fulham,2025-08-30T11:30:00Z,Coral,Chelsea,1.57
Chelsea,Fulham,2025-08-30T11:30:00Z,Coral,Fulham,5.25
Chelsea,Fulham,2025-08-30T11:30:00Z,Coral,Draw,4.33
Chelsea,Fulham,2025-08-30T11:30:00Z,Ladbrokes,Chelsea,1.55
Chelsea,Fulham,2025-08-30T11:30:00Z,Ladbrokes,Fulham,5.25
Chelsea,Fulham,2025-08-30T11:30:00Z,Ladbrokes,Draw,4.33
Tottenham Hotspur,Bournemouth,2025-08-30T14:00:00Z,Paddy Power,Bournemouth,4.5
Tottenham Hotspur,Bournemouth,2025-08-30T14:00:00Z,Paddy Power,Tottenham Hotspur,1.67
Tottenham Hotspur,Bournemouth,2025-08-30T14:00:00Z,Paddy Power,Draw,4.0
Tottenham Hotspur,Bournemouth,2025-08-30T14:00:00Z,Betway,Bournemouth,4.5
Tottenham Hotspur,Bournemouth,2025-08-30T14:00:00Z,Betway,Tottenham Hotspur,1.67
Tottenham Hotspur,Bournemouth,2025-08-30T14:00:00Z,Betway,Draw,4.0
Tottenham Hotspur,Bournemouth,2025-08-30T14:00:00Z,Smarkets,Bournemouth,4.8
Tottenham Hotspur,Bournemouth,2025-08-30T14:00:00Z,Smarkets,Tottenham Hotspur,1.74
Tottenham Hotspur,Bournemouth,2025-08-30T14:00:00Z,Smarkets,Draw,4.2
Tottenham Hotspur,Bournemouth,2025-08-30T14:00:00Z,Smarkets,Bournemouth,5.1
Tottenham Hotspur,Bournemouth,2025-08-30T14:00:00Z,Smarkets,Tottenham Hotspur,1.77
Tottenham Hotspur,Bournemouth,2025-08-30T14:00:00Z,Smarkets,Draw,4.5
Tottenham Hotspur,Bournemouth,2025-08-30T14:00:00Z,Sky Bet,Bournemouth,3.75
Tottenham Hotspur,Bournemouth,2025-08-30T14:00:00Z,Sky Bet,Tottenham Hotspur,1.85
Tottenham Hotspur,Bournemouth,2025-08-30T14:00:00Z,Sky Bet,Draw,3.75
Tottenham Hotspur,Bournemouth,2025-08-30T14:00:00Z,BoyleSports,Bournemouth,4.33
Tottenham Hotspur,Bournemouth,2025-08-30T14:00:00Z,BoyleSports,Tottenham Hotspur,1.67
Tottenham Hotspur,Bournemouth,2025-08-30T14:00:00Z,BoyleSports,Draw,4.0
Tottenham Hotspur,Bournemouth,2025-08-30T14:00:00Z,888sport,Bournemouth,4.6
Tottenham Hotspur,Bournemouth,2025-08-30T14:00:00Z,888sport,Tottenham Hotspur,1.7
Tottenham Hotspur,Bournemouth,2025-08-30T14:00:00Z,888sport,Draw,3.9
Tottenham Hotspur,Bournemouth,2025-08-30T14:00:00Z,William Hill,Bournemouth,4.6
Tottenham Hotspur,Bournemouth,2025-08-30T14:00:00Z,William Hill,Tottenham Hotspur,1.7
Tottenham Hotspur,Bournemouth,2025-08-30T14:00:00Z,William Hill,Draw,3.9
Tottenham Hotspur,Bournemouth,2025-08-30T14:00:00Z,Betfair,Bournemouth,4.9
Tottenham Hotspur,Bournemouth,2025-08-30T14:00:00Z,Betfair,Tottenham Hotspur,1.75
Tottenham Hotspur,Bournemouth,2025-08-30T14:00:00Z,Betfair,Draw,4.3
Tottenham Hotspur,Bournemouth,2025-08-30T14:00:00Z,Betfair,Bournemouth,5.1
Tottenham Hotspur,Bournemouth,2025-08-30T14:00:00Z,Betfair,Tottenham Hotspur,1.77
Tottenham Hotspur,Bournemouth,2025-08-30T14:00:00Z,Betfair,Draw,4.5
Tottenham Hotspur,Bournemouth,2025-08-30T14:00:00Z,Bet Victor,Bournemouth,4.5
Tottenham Hotspur,Bournemouth,2025-08-30T14:00:00Z,Bet Victor,Tottenham Hotspur,1.67
Tottenham Hotspur,Bournemouth,2025-08-30T14:00:00Z,Bet Victor,Draw,4.0
Tottenham Hotspur,Bournemouth,2025-08-30T14:00:00Z,LeoVegas,Bournemouth,4.0
Tottenham Hotspur,Bournemouth,2025-08-30T14:00:00Z,LeoVegas,Tottenham Hotspur,1.62
Tottenham Hotspur,Bournemouth,2025-08-30T14:00:00Z,LeoVegas,Draw,3.85
Tottenham Hotspur,Bournemouth,2025-08-30T14:00:00Z,Casumo,Bournemouth,4.3
Tottenham Hotspur,Bournemouth,2025-08-30T14:00:00Z,Casumo,Tottenham Hotspur,1.67
Tottenham Hotspur,Bournemouth,2025-08-30T14:00:00Z,Casumo,Draw,4.1
Tottenham Hotspur,Bournemouth,2025-08-30T14:00:00Z,Unibet,Bournemouth,4.3
Tottenham Hotspur,Bournemouth,2025-08-30T14:00:00Z,Unibet,Tottenham Hotspur,1.67
Tottenham Hotspur,Bournemouth,2025-08-30T14:00:00Z,Unibet,Draw,4.1
Tottenham Hotspur,Bournemouth,2025-08-30T14:00:00Z,Grosvenor,Bournemouth,4.3
Tottenham Hotspur,Bournemouth,2025-08-30T14:00:00Z,Grosvenor,Tottenham Hotspur,1.67
Tottenham Hotspur,Bournemouth,2025-08-30T14:00:00Z,Grosvenor,Draw,4.1
Tottenham Hotspur,Bournemouth,2025-08-30T14:00:00Z,Matchbook,Bournemouth,4.9
Tottenham Hotspur,Bournemouth,2025-08-30T14:00:00Z,Matchbook,Tottenham Hotspur,1.75
Tottenham Hotspur,Bournemouth,2025-08-30T14:00:00Z,Matchbook,Draw,4.3
Tottenham Hotspur,Bournemouth,2025-08-30T14:00:00Z,Matchbook,Bournemouth,5.1
Tottenham Hotspur,Bournemouth,2025-08-30T14:00:00Z,Matchbook,Tottenham Hotspur,1.78
Tottenham Hotspur,Bournemouth,2025-08-30T14:00:00Z,Matchbook,Draw,4.5
Tottenham Hotspur,Bournemouth,2025-08-30T14:00:00Z,Betfair Sportsbook,Bournemouth,4.2
Tottenham Hotspur,Bournemouth,2025-08-30T14:00:00Z,Betfair Sportsbook,Tottenham Hotspur,1.62
Tottenham Hotspur,Bournemouth,2025-08-30T14:00:00Z,Betfair Sportsbook,Draw,3.4
Tottenham Hotspur,Bournemouth,2025-08-30T14:00:00Z,Coral,Bournemouth,4.33
Tottenham Hotspur,Bournemouth,2025-08-30T14:00:00Z,Coral,Tottenham Hotspur,1.73
Tottenham Hotspur,Bournemouth,2025-08-30T14:00:00Z,Coral,Draw,4.2
Tottenham Hotspur,Bournemouth,2025-08-30T14:00:00Z,Ladbrokes,Bournemouth,4.2
Tottenham Hotspur,Bournemouth,2025-08-30T14:00:00Z,Ladbrokes,Tottenham Hotspur,1.73
Tottenham Hotspur,Bournemouth,2025-08-30T14:00:00Z,Ladbrokes,Draw,4.0
Sunderland,Brentford,2025-08-30T14:00:00Z,Paddy Power,Brentford,2.62
Sunderland,Brentford,2025-08-30T14:00:00Z,Paddy Power,Sunderland,2.7
Sunderland,Brentford,2025-08-30T14:00:00Z,Paddy Power,Draw,3.2
Sunderland,Brentford,2025-08-30T14:00:00Z,Sky Bet,Brentford,2.7
Sunderland,Brentford,2025-08-30T14:00:00Z,Sky Bet,Sunderland,2.5
Sunderland,Brentford,2025-08-30T14:00:00Z,Sky Bet,Draw,3.3
Sunderland,Brentford,2025-08-30T14:00:00Z,BoyleSports,Brentford,2.6
Sunderland,Brentford,2025-08-30T14:00:00Z,BoyleSports,Sunderland,2.6
Sunderland,Brentford,2025-08-30T14:00:00Z,BoyleSports,Draw,3.5
Sunderland,Brentford,2025-08-30T14:00:00Z,Smarkets,Brentford,2.78
Sunderland,Brentford,2025-08-30T14:00:00Z,Smarkets,Sunderland,2.8
Sunderland,Brentford,2025-08-30T14:00:00Z,Smarkets,Draw,3.4
Sunderland,Brentford,2025-08-30T14:00:00Z,Smarkets,Brentford,2.84
Sunderland,Brentford,2025-08-30T14:00:00Z,Smarkets,Sunderland,2.9
Sunderland,Brentford,2025-08-30T14:00:00Z,Smarkets,Draw,3.45
Sunderland,Brentford,2025-08-30T14:00:00Z,888sport,Brentford,2.62
Sunderland,Brentford,2025-08-30T14:00:00Z,888sport,Sunderland,2.62
Sunderland,Brentford,2025-08-30T14:00:00Z,888sport,Draw,3.25
Sunderland,Brentford,2025-08-30T14:00:00Z,William Hill,Brentford,2.62
Sunderland,Brentford,2025-08-30T14:00:00Z,William Hill,Sunderland,2.62
Sunderland,Brentford,2025-08-30T14:00:00Z,William Hill,Draw,3.25
Sunderland,Brentford,2025-08-30T14:00:00Z,Betfair,Brentford,2.76
Sunderland,Brentford,2025-08-30T14:00:00Z,Betfair,Sunderland,2.84
Sunderland,Brentford,2025-08-30T14:00:00Z,Betfair,Draw,3.4
Sunderland,Brentford,2025-08-30T14:00:00Z,Betfair,Brentford,2.84
Sunderland,Brentford,2025-08-30T14:00:00Z,Betfair,Sunderland,2.9
Sunderland,Brentford,2025-08-30T14:00:00Z,Betfair,Draw,3.45
Sunderland,Brentford,2025-08-30T14:00:00Z,Betway,Brentford,2.6
Sunderland,Brentford,2025-08-30T14:00:00Z,Betway,Sunderland,2.62
Sunderland,Brentford,2025-08-30T14:00:00Z,Betway,Draw,3.25
Sunderland,Brentford,2025-08-30T14:00:00Z,Bet Victor,Brentford,2.55
Sunderland,Brentford,2025-08-30T14:00:00Z,Bet Victor,Sunderland,2.6
Sunderland,Brentford,2025-08-30T14:00:00Z,Bet Victor,Draw,3.3
Sunderland,Brentford,2025-08-30T14:00:00Z,LeoVegas,Brentford,2.6
Sunderland,Brentford,2025-08-30T14:00:00Z,LeoVegas,Sunderland,2.45
Sunderland,Brentford,2025-08-30T14:00:00Z,LeoVegas,Draw,3.15
Sunderland,Brentford,2025-08-30T14:00:00Z,Casumo,Brentford,2.7
Sunderland,Brentford,2025-08-30T14:00:00Z,Casumo,Sunderland,2.55
Sunderland,Brentford,2025-08-30T14:00:00Z,Casumo,Draw,3.3
Sunderland,Brentford,2025-08-30T14:00:00Z,Unibet,Brentford,2.7
Sunderland,Brentford,2025-08-30T14:00:00Z,Unibet,Sunderland,2.55
Sunderland,Brentford,2025-08-30T14:00:00Z,Unibet,Draw,3.3
Sunderland,Brentford,2025-08-30T14:00:00Z,Grosvenor,Brentford,2.7
Sunderland,Brentford,2025-08-30T14:00:00Z,Grosvenor,Sunderland,2.55
Sunderland,Brentford,2025-08-30T14:00:00Z,Grosvenor,Draw,3.3
Sunderland,Brentford,2025-08-30T14:00:00Z,Betfair Sportsbook,Brentford,2.4
Sunderland,Brentford,2025-08-30T14:00:00Z,Betfair Sportsbook,Sunderland,2.5
Sunderland,Brentford,2025-08-30T14:00:00Z,Betfair Sportsbook,Draw,2.88
Sunderland,Brentford,2025-08-30T14:00:00Z,Matchbook,Brentford,2.82
Sunderland,Brentford,2025-08-30T14:00:00Z,Matchbook,Sunderland,2.84
Sunderland,Brentford,2025-08-30T14:00:00Z,Matchbook,Draw,3.4
Sunderland,Brentford,2025-08-30T14:00:00Z,Matchbook,Brentford,2.84
Sunderland,Brentford,2025-08-30T14:00:00Z,Matchbook,Sunderland,2.9
Sunderland,Brentford,2025-08-30T14:00:00Z,Matchbook,Draw,3.45
Sunderland,Brentford,2025-08-30T14:00:00Z,Coral,Brentford,2.6
Sunderland,Brentford,2025-08-30T14:00:00Z,Coral,Sunderland,2.62
Sunderland,Brentford,2025-08-30T14:00:00Z,Coral,Draw,3.4
Sunderland,Brentford,2025-08-30T14:00:00Z,Ladbrokes,Brentford,2.6
Sunderland,Brentford,2025-08-30T14:00:00Z,Ladbrokes,Sunderland,2.62
Sunderland,Brentford,2025-08-30T14:00:00Z,Ladbrokes,Draw,3.4
Manchester United,Burnley,2025-08-30T14:00:00Z,Paddy Power,Burnley,9.5
Manchester United,Burnley,2025-08-30T14:00:00Z,Paddy Power,Manchester United,1.3
Manchester United,Burnley,2025-08-30T14:00:00Z,Paddy Power,Draw,5.0
Manchester United,Burnley,2025-08-30T14:00:00Z,Sky Bet,Burnley,8.0
Manchester United,Burnley,2025-08-30T14:00:00Z,Sky Bet,Manchester United,1.36
Manchester United,Burnley,2025-08-30T14:00:00Z,Sky Bet,Draw,4.75
Manchester United,Burnley,2025-08-30T14:00:00Z,BoyleSports,Burnley,9.0
Manchester United,Burnley,2025-08-30T14:00:00Z,BoyleSports,Manchester United,1.33
Manchester United,Burnley,2025-08-30T14:00:00Z,BoyleSports,Draw,4.5
Manchester United,Burnley,2025-08-30T14:00:00Z,Smarkets,Burnley,10.0
Manchester United,Burnley,2025-08-30T14:00:00Z,Smarkets,Manchester United,1.36
Manchester United,Burnley,2025-08-30T14:00:00Z,Smarkets,Draw,5.3
Manchester United,Burnley,2025-08-30T14:00:00Z,Smarkets,Burnley,11.49
Manchester United,Burnley,2025-08-30T14:00:00Z,Smarkets,Manchester United,1.39
Manchester United,Burnley,2025-08-30T14:00:00Z,Smarkets,Draw,5.6
Manchester United,Burnley,2025-08-30T14:00:00Z,888sport,Burnley,8.5
Manchester United,Burnley,2025-08-30T14:00:00Z,888sport,Manchester United,1.33
Manchester United,Burnley,2025-08-30T14:00:00Z,888sport,Draw,4.8
Manchester United,Burnley,2025-08-30T14:00:00Z,William Hill,Burnley,8.5
Manchester United,Burnley,2025-08-30T14:00:00Z,William Hill,Manchester United,1.35
Manchester United,Burnley,2025-08-30T14:00:00Z,William Hill,Draw,4.8
Manchester United,Burnley,2025-08-30T14:00:00Z,Betfair,Burnley,10.5
Manchester United,Burnley,2025-08-30T14:00:00Z,Betfair,Manchester United,1.36
Manchester United,Burnley,2025-08-30T14:00:00Z,Betfair,Draw,5.4
Manchester United,Burnley,2025-08-30T14:00:00Z,Betfair,Burnley,11.5
Manchester United,Burnley,2025-08-30T14:00:00Z,Betfair,Manchester United,1.39
Manchester United,Burnley,2025-08-30T14:00:00Z,Betfair,Draw,5.6
Manchester United,Burnley,2025-08-30T14:00:00Z,Betway,Burnley,8.0
Manchester United,Burnley,2025-08-30T14:00:00Z,Betway,Manchester United,1.35
Manchester United,Burnley,2025-08-30T14:00:00Z,Betway,Draw,4.75
Manchester United,Burnley,2025-08-30T14:00:00Z,Bet Victor,Burnley,9.5
Manchester United,Burnley,2025-08-30T14:00:00Z,Bet Victor,Manchester United,1.3
Manchester United,Burnley,2025-08-30T14:00:00Z,Bet Victor,Draw,5.0
Manchester United,Burnley,2025-08-30T14:00:00Z,LeoVegas,Burnley,7.0
Manchester United,Burnley,2025-08-30T14:00:00Z,LeoVegas,Manchester United,1.3
Manchester United,Burnley,2025-08-30T14:00:00Z,LeoVegas,Draw,4.75
Manchester United,Burnley,2025-08-30T14:00:00Z,Casumo,Burnley,8.0
Manchester United,Burnley,2025-08-30T14:00:00Z,Casumo,Manchester United,1.33
Manchester United,Burnley,2025-08-30T14:00:00Z,Casumo,Draw,5.1
Manchester United,Burnley,2025-08-30T14:00:00Z,Unibet,Burnley,8.0
Manchester United,Burnley,2025-08-30T14:00:00Z,Unibet,Manchester United,1.33
Manchester United,Burnley,2025-08-30T14:00:00Z,Unibet,Draw,5.1
Manchester United,Burnley,2025-08-30T14:00:00Z,Grosvenor,Burnley,8.0
Manchester United,Burnley,2025-08-30T14:00:00Z,Grosvenor,Manchester United,1.33
Manchester United,Burnley,2025-08-30T14:00:00Z,Grosvenor,Draw,5.1
Manchester United,Burnley,2025-08-30T14:00:00Z,Betfair Sportsbook,Burnley,8.5
Manchester United,Burnley,2025-08-30T14:00:00Z,Betfair Sportsbook,Manchester United,1.29
Manchester United,Burnley,2025-08-30T14:00:00Z,Betfair Sportsbook,Draw,4.2
Manchester United,Burnley,2025-08-30T14:00:00Z,Matchbook,Burnley,10.5
Manchester United,Burnley,2025-08-30T14:00:00Z,Matchbook,Manchester United,1.36
Manchester United,Burnley,2025-08-30T14:00:00Z,Matchbook,Draw,5.4
Manchester United,Burnley,2025-08-30T14:00:00Z,Matchbook,Burnley,11.5
Manchester United,Burnley,2025-08-30T14:00:00Z,Matchbook,Manchester United,1.39
Manchester United,Burnley,2025-08-30T14:00:00Z,Matchbook,Draw,5.6
Manchester United,Burnley,2025-08-30T14:00:00Z,Coral,Burnley,8.5
Manchester United,Burnley,2025-08-30T14:00:00Z,Coral,Manchester United,1.36
Manchester United,Burnley,2025-08-30T14:00:00Z,Coral,Draw,5.0
Manchester United,Burnley,2025-08-30T14:00:00Z,Ladbrokes,Burnley,8.5
Manchester United,Burnley,2025-08-30T14:00:00Z,Ladbrokes,Manchester United,1.35
Manchester United,Burnley,2025-08-30T14:00:00Z,Ladbrokes,Draw,5.0
Wolverhampton Wanderers,Everton,2025-08-30T14:00:00Z,Paddy Power,Everton,2.88
Wolverhampton Wanderers,Everton,2025-08-30T14:00:00Z,Paddy Power,Wolverhampton Wanderers,2.45
Wolverhampton Wanderers,Everton,2025-08-30T14:00:00Z,Paddy Power,Draw,3.2
Wolverhampton Wanderers,Everton,2025-08-30T14:00:00Z,Smarkets,Everton,3.05
Wolverhampton Wanderers,Everton,2025-08-30T14:00:00Z,Smarkets,Wolverhampton Wanderers,2.62
Wolverhampton Wanderers,Everton,2025-08-30T14:00:00Z,Smarkets,Draw,3.3
Wolverhampton Wanderers,Everton,2025-08-30T14:00:00Z,Smarkets,Everton,3.15
Wolverhampton Wanderers,Everton,2025-08-30T14:00:00Z,Smarkets,Wolverhampton Wanderers,2.68
Wolverhampton Wanderers,Everton,2025-08-30T14:00:00Z,Smarkets,Draw,3.4
Wolverhampton Wanderers,Everton,2025-08-30T14:00:00Z,Sky Bet,Everton,2.8
Wolverhampton Wanderers,Everton,2025-08-30T14:00:00Z,Sky Bet,Wolverhampton Wanderers,2.45
Wolverhampton Wanderers,Everton,2025-08-30T14:00:00Z,Sky Bet,Draw,3.2
Wolverhampton Wanderers,Everton,2025-08-30T14:00:00Z,BoyleSports,Everton,2.9
Wolverhampton Wanderers,Everton,2025-08-30T14:00:00Z,BoyleSports,Wolverhampton Wanderers,2.4
Wolverhampton Wanderers,Everton,2025-08-30T14:00:00Z,BoyleSports,Draw,3.0
Wolverhampton Wanderers,Everton,2025-08-30T14:00:00Z,888sport,Everton,2.9
Wolverhampton Wanderers,Everton,2025-08-30T14:00:00Z,888sport,Wolverhampton Wanderers,2.45
Wolverhampton Wanderers,Everton,2025-08-30T14:00:00Z,888sport,Draw,3.2
Wolverhampton Wanderers,Everton,2025-08-30T14:00:00Z,William Hill,Everton,2.9
Wolverhampton Wanderers,Everton,2025-08-30T14:00:00Z,William Hill,Wolverhampton Wanderers,2.45
Wolverhampton Wanderers,Everton,2025-08-30T14:00:00Z,William Hill,Draw,3.2
Wolverhampton Wanderers,Everton,2025-08-30T14:00:00Z,Betfair,Everton,3.05
Wolverhampton Wanderers,Everton,2025-08-30T14:00:00Z,Betfair,Wolverhampton Wanderers,2.64
Wolverhampton Wanderers,Everton,2025-08-30T14:00:00Z,Betfair,Draw,3.3
Wolverhampton Wanderers,Everton,2025-08-30T14:00:00Z,Betfair,Everton,3.15
Wolverhampton Wanderers,Everton,2025-08-30T14:00:00Z,Betfair,Wolverhampton Wanderers,2.68
Wolverhampton Wanderers,Everton,2025-08-30T14:00:00Z,Betfair,Draw,3.4
Wolverhampton Wanderers,Everton,2025-08-30T14:00:00Z,Betway,Everton,2.88
Wolverhampton Wanderers,Everton,2025-08-30T14:00:00Z,Betway,Wolverhampton Wanderers,2.5
Wolverhampton Wanderers,Everton,2025-08-30T14:00:00Z,Betway,Draw,3.1
Wolverhampton Wanderers,Everton,2025-08-30T14:00:00Z,Bet Victor,Everton,2.88
Wolverhampton Wanderers,Everton,2025-08-30T14:00:00Z,Bet Victor,Wolverhampton Wanderers,2.4
Wolverhampton Wanderers,Everton,2025-08-30T14:00:00Z,Bet Victor,Draw,3.2
Wolverhampton Wanderers,Everton,2025-08-30T14:00:00Z,LeoVegas,Everton,2.63
Wolverhampton Wanderers,Everton,2025-08-30T14:00:00Z,LeoVegas,Wolverhampton Wanderers,2.4
Wolverhampton Wanderers,Everton,2025-08-30T14:00:00Z,LeoVegas,Draw,3.15
Wolverhampton Wanderers,Everton,2025-08-30T14:00:00Z,Casumo,Everton,2.75
Wolverhampton Wanderers,Everton,2025-08-30T14:00:00Z,Casumo,Wolverhampton Wanderers,2.48
Wolverhampton Wanderers,Everton,2025-08-30T14:00:00Z,Casumo,Draw,3.3
Wolverhampton Wanderers,Everton,2025-08-30T14:00:00Z,Unibet,Everton,2.75
Wolverhampton Wanderers,Everton,2025-08-30T14:00:00Z,Unibet,Wolverhampton Wanderers,2.48
Wolverhampton Wanderers,Everton,2025-08-30T14:00:00Z,Unibet,Draw,3.3
Wolverhampton Wanderers,Everton,2025-08-30T14:00:00Z,Grosvenor,Everton,2.75
Wolverhampton Wanderers,Everton,2025-08-30T14:00:00Z,Grosvenor,Wolverhampton Wanderers,2.48
Wolverhampton Wanderers,Everton,2025-08-30T14:00:00Z,Grosvenor,Draw,3.3
Wolverhampton Wanderers,Everton,2025-08-30T14:00:00Z,Betfair Sportsbook,Everton,2.7
Wolverhampton Wanderers,Everton,2025-08-30T14:00:00Z,Betfair Sportsbook,Wolverhampton Wanderers,2.3
Wolverhampton Wanderers,Everton,2025-08-30T14:00:00Z,Betfair Sportsbook,Draw,2.8
Wolverhampton Wanderers,Everton,2025-08-30T14:00:00Z,Coral,Everton,2.87
Wolverhampton Wanderers,Everton,2025-08-30T14:00:00Z,Coral,Wolverhampton Wanderers,2.45
Wolverhampton Wanderers,Everton,2025-08-30T14:00:00Z,Coral,Draw,3.3
Wolverhampton Wanderers,Everton,2025-08-30T14:00:00Z,Ladbrokes,Everton,2.87
Wolverhampton Wanderers,Everton,2025-08-30T14:00:00Z,Ladbrokes,Wolverhampton Wanderers,2.45
Wolverhampton Wanderers,Everton,2025-08-30T14:00:00Z,Ladbrokes,Draw,3.3
Wolverhampton Wanderers,Everton,2025-08-30T14:00:00Z,Matchbook,Everton,3.05
Wolverhampton Wanderers,Everton,2025-08-30T14:00:00Z,Matchbook,Wolverhampton Wanderers,2.64
Wolverhampton Wanderers,Everton,2025-08-30T14:00:00Z,Matchbook,Draw,3.3
Wolverhampton Wanderers,Everton,2025-08-30T14:00:00Z,Matchbook,Everton,3.15
Wolverhampton Wanderers,Everton,2025-08-30T14:00:00Z,Matchbook,Wolverhampton Wanderers,2.68
Wolverhampton Wanderers,Everton,2025-08-30T14:00:00Z,Matchbook,Draw,3.4
Leeds United,Newcastle United,2025-08-30T16:30:00Z,Betway,Leeds United,3.5
Leeds United,Newcastle United,2025-08-30T16:30:00Z,Betway,Newcastle United,1.95
Leeds United,Newcastle United,2025-08-30T16:30:00Z,Betway,Draw,3.6
Leeds United,Newcastle United,2025-08-30T16:30:00Z,Sky Bet,Leeds United,3.4
Leeds United,Newcastle United,2025-08-30T16:30:00Z,Sky Bet,Newcastle United,2.0
Leeds United,Newcastle United,2025-08-30T16:30:00Z,Sky Bet,Draw,3.6
Leeds United,Newcastle United,2025-08-30T16:30:00Z,Paddy Power,Leeds United,3.6
Leeds United,Newcastle United,2025-08-30T16:30:00Z,Paddy Power,Newcastle United,1.95
Leeds United,Newcastle United,2025-08-30T16:30:00Z,Paddy Power,Draw,3.6
Leeds United,Newcastle United,2025-08-30T16:30:00Z,BoyleSports,Leeds United,3.5
Leeds United,Newcastle United,2025-08-30T16:30:00Z,BoyleSports,Newcastle United,1.91
Leeds United,Newcastle United,2025-08-30T16:30:00Z,BoyleSports,Draw,3.6
Leeds United,Newcastle United,2025-08-30T16:30:00Z,Smarkets,Leeds United,3.8
Leeds United,Newcastle United,2025-08-30T16:30:00Z,Smarkets,Newcastle United,2.04
Leeds United,Newcastle United,2025-08-30T16:30:00Z,Smarkets,Draw,3.75
Leeds United,Newcastle United,2025-08-30T16:30:00Z,Smarkets,Leeds United,3.95
Leeds United,Newcastle United,2025-08-30T16:30:00Z,Smarkets,Newcastle United,2.1
Leeds United,Newcastle United,2025-08-30T16:30:00Z,Smarkets,Draw,3.9
Leeds United,Newcastle United,2025-08-30T16:30:00Z,888sport,Leeds United,3.6
Leeds United,Newcastle United,2025-08-30T16:30:00Z,888sport,Newcastle United,1.95
Leeds United,Newcastle United,2025-08-30T16:30:00Z,888sport,Draw,3.6
Leeds United,Newcastle United,2025-08-30T16:30:00Z,William Hill,Leeds United,3.6
Leeds United,Newcastle United,2025-08-30T16:30:00Z,William Hill,Newcastle United,1.95
Leeds United,Newcastle United,2025-08-30T16:30:00Z,William Hill,Draw,3.6
Leeds United,Newcastle United,2025-08-30T16:30:00Z,Betfair,Leeds United,3.85
Leeds United,Newcastle United,2025-08-30T16:30:00Z,Betfair,Newcastle United,2.06
Leeds United,Newcastle United,2025-08-30T16:30:00Z,Betfair,Draw,3.8
Leeds United,Newcastle United,2025-08-30T16:30:00Z,Betfair,Leeds United,3.95
Leeds United,Newcastle United,2025-08-30T16:30:00Z,Betfair,Newcastle United,2.1
Leeds United,Newcastle United,2025-08-30T16:30:00Z,Betfair,Draw,3.9
Leeds United,Newcastle United,2025-08-30T16:30:00Z,Bet Victor,Leeds United,3.5
Leeds United,Newcastle United,2025-08-30T16:30:00Z,Bet Victor,Newcastle United,1.95
Leeds United,Newcastle United,2025-08-30T16:30:00Z,Bet Victor,Draw,3.6
Leeds United,Newcastle United,2025-08-30T16:30:00Z,LeoVegas,Leeds United,3.3
Leeds United,Newcastle United,2025-08-30T16:30:00Z,LeoVegas,Newcastle United,1.87
Leeds United,Newcastle United,2025-08-30T16:30:00Z,LeoVegas,Draw,3.5
Leeds United,Newcastle United,2025-08-30T16:30:00Z,Casumo,Leeds United,3.5
Leeds United,Newcastle United,2025-08-30T16:30:00Z,Casumo,Newcastle United,1.93
Leeds United,Newcastle United,2025-08-30T16:30:00Z,Casumo,Draw,3.7
Leeds United,Newcastle United,2025-08-30T16:30:00Z,Unibet,Leeds United,3.5
Leeds United,Newcastle United,2025-08-30T16:30:00Z,Unibet,Newcastle United,1.93
Leeds United,Newcastle United,2025-08-30T16:30:00Z,Unibet,Draw,3.7
Leeds United,Newcastle United,2025-08-30T16:30:00Z,Grosvenor,Leeds United,3.5
Leeds United,Newcastle United,2025-08-30T16:30:00Z,Grosvenor,Newcastle United,1.93
Leeds United,Newcastle United,2025-08-30T16:30:00Z,Grosvenor,Draw,3.7
Leeds United,Newcastle United,2025-08-30T16:30:00Z,Coral,Leeds United,3.6
Leeds United,Newcastle United,2025-08-30T16:30:00Z,Coral,Newcastle United,2.0
Leeds United,Newcastle United,2025-08-30T16:30:00Z,Coral,Draw,3.6
Leeds United,Newcastle United,2025-08-30T16:30:00Z,Ladbrokes,Leeds United,3.5
Leeds United,Newcastle United,2025-08-30T16:30:00Z,Ladbrokes,Newcastle United,2.0
Leeds United,Newcastle United,2025-08-30T16:30:00Z,Ladbrokes,Draw,3.6
Leeds United,Newcastle United,2025-08-30T16:30:00Z,Matchbook,Leeds United,3.85
Leeds United,Newcastle United,2025-08-30T16:30:00Z,Matchbook,Newcastle United,2.06
Leeds United,Newcastle United,2025-08-30T16:30:00Z,Matchbook,Draw,3.8
Leeds United,Newcastle United,2025-08-30T16:30:00Z,Matchbook,Leeds United,3.95
Leeds United,Newcastle United,2025-08-30T16:30:00Z,Matchbook,Newcastle United,2.08
Leeds United,Newcastle United,2025-08-30T16:30:00Z,Matchbook,Draw,3.9
Leeds United,Newcastle United,2025-08-30T16:30:00Z,Betfair Sportsbook,Leeds United,3.3
Leeds United,Newcastle United,2025-08-30T16:30:00Z,Betfair Sportsbook,Newcastle United,1.83
Leeds United,Newcastle United,2025-08-30T16:30:00Z,Betfair Sportsbook,Draw,3.1
Brighton and Hove Albion,Manchester City,2025-08-31T13:00:00Z,Paddy Power,Brighton and Hove Albion,4.2
Brighton and Hove Albion,Manchester City,2025-08-31T13:00:00Z,Paddy Power,Manchester City,1.8
Brighton and Hove Albion,Manchester City,2025-08-31T13:00:00Z,Paddy Power,Draw,3.75
Brighton and Hove Albion,Manchester City,2025-08-31T13:00:00Z,Smarkets,Brighton and Hove Albion,4.5
Brighton and Hove Albion,Manchester City,2025-08-31T13:00:00Z,Smarkets,Manchester City,1.86
Brighton and Hove Albion,Manchester City,2025-08-31T13:00:00Z,Smarkets,Draw,4.0
Brighton and Hove Albion,Manchester City,2025-08-31T13:00:00Z,Smarkets,Brighton and Hove Albion,4.6
Brighton and Hove Albion,Manchester City,2025-08-31T13:00:00Z,Smarkets,Manchester City,1.88
Brighton and Hove Albion,Manchester City,2025-08-31T13:00:00Z,Smarkets,Draw,4.2
Brighton and Hove Albion,Manchester City,2025-08-31T13:00:00Z,Sky Bet,Brighton and Hove Albion,4.2
Brighton and Hove Albion,Manchester City,2025-08-31T13:00:00Z,Sky Bet,Manchester City,1.7
Brighton and Hove Albion,Manchester City,2025-08-31T13:00:00Z,Sky Bet,Draw,4.0
Brighton and Hove Albion,Manchester City,2025-08-31T13:00:00Z,BoyleSports,Brighton and Hove Albion,4.2
Brighton and Hove Albion,Manchester City,2025-08-31T13:00:00Z,BoyleSports,Manchester City,1.73
Brighton and Hove Albion,Manchester City,2025-08-31T13:00:00Z,BoyleSports,Draw,3.8
Brighton and Hove Albion,Manchester City,2025-08-31T13:00:00Z,888sport,Brighton and Hove Albion,4.0
Brighton and Hove Albion,Manchester City,2025-08-31T13:00:00Z,888sport,Manchester City,1.75
Brighton and Hove Albion,Manchester City,2025-08-31T13:00:00Z,888sport,Draw,3.9
Brighton and Hove Albion,Manchester City,2025-08-31T13:00:00Z,William Hill,Brighton and Hove Albion,4.0
Brighton and Hove Albion,Manchester City,2025-08-31T13:00:00Z,William Hill,Manchester City,1.75
Brighton and Hove Albion,Manchester City,2025-08-31T13:00:00Z,William Hill,Draw,3.9
Brighton and Hove Albion,Manchester City,2025-08-31T13:00:00Z,Betfair,Brighton and Hove Albion,4.5
Brighton and Hove Albion,Manchester City,2025-08-31T13:00:00Z,Betfair,Manchester City,1.87
Brighton and Hove Albion,Manchester City,2025-08-31T13:00:00Z,Betfair,Draw,4.1
Brighton and Hove Albion,Manchester City,2025-08-31T13:00:00Z,Betfair,Brighton and Hove Albion,4.6
Brighton and Hove Albion,Manchester City,2025-08-31T13:00:00Z,Betfair,Manchester City,1.88
Brighton and Hove Albion,Manchester City,2025-08-31T13:00:00Z,Betfair,Draw,4.2
Brighton and Hove Albion,Manchester City,2025-08-31T13:00:00Z,Betway,Brighton and Hove Albion,4.0
Brighton and Hove Albion,Manchester City,2025-08-31T13:00:00Z,Betway,Manchester City,1.77
Brighton and Hove Albion,Manchester City,2025-08-31T13:00:00Z,Betway,Draw,3.75
Brighton and Hove Albion,Manchester City,2025-08-31T13:00:00Z,LeoVegas,Brighton and Hove Albion,3.85
Brighton and Hove Albion,Manchester City,2025-08-31T13:00:00Z,LeoVegas,Manchester City,1.71
Brighton and Hove Albion,Manchester City,2025-08-31T13:00:00Z,LeoVegas,Draw,3.6
Brighton and Hove Albion,Manchester City,2025-08-31T13:00:00Z,Casumo,Brighton and Hove Albion,4.1
Brighton and Hove Albion,Manchester City,2025-08-31T13:00:00Z,Casumo,Manchester City,1.76
Brighton and Hove Albion,Manchester City,2025-08-31T13:00:00Z,Casumo,Draw,3.8
Brighton and Hove Albion,Manchester City,2025-08-31T13:00:00Z,Unibet,Brighton and Hove Albion,4.1
Brighton and Hove Albion,Manchester City,2025-08-31T13:00:00Z,Unibet,Manchester City,1.76
Brighton and Hove Albion,Manchester City,2025-08-31T13:00:00Z,Unibet,Draw,3.8
Brighton and Hove Albion,Manchester City,2025-08-31T13:00:00Z,Grosvenor,Brighton and Hove Albion,4.1
Brighton and Hove Albion,Manchester City,2025-08-31T13:00:00Z,Grosvenor,Manchester City,1.76
Brighton and Hove Albion,Manchester City,2025-08-31T13:00:00Z,Grosvenor,Draw,3.8
Brighton and Hove Albion,Manchester City,2025-08-31T13:00:00Z,Bet Victor,Brighton and Hove Albion,4.1
Brighton and Hove Albion,Manchester City,2025-08-31T13:00:00Z,Bet Victor,Manchester City,1.73
Brighton and Hove Albion,Manchester City,2025-08-31T13:00:00Z,Bet Victor,Draw,4.0
Brighton and Hove Albion,Manchester City,2025-08-31T13:00:00Z,Coral,Brighton and Hove Albion,3.8
Brighton and Hove Albion,Manchester City,2025-08-31T13:00:00Z,Coral,Manchester City,1.7
Brighton and Hove Albion,Manchester City,2025-08-31T13:00:00Z,Coral,Draw,3.7
Brighton and Hove Albion,Manchester City,2025-08-31T13:00:00Z,Ladbrokes,Brighton and Hove Albion,3.8
Brighton and Hove Albion,Manchester City,2025-08-31T13:00:00Z,Ladbrokes,Manchester City,1.7
Brighton and Hove Albion,Manchester City,2025-08-31T13:00:00Z,Ladbrokes,Draw,3.7
Brighton and Hove Albion,Manchester City,2025-08-31T13:00:00Z,Betfair Sportsbook,Brighton and Hove Albion,3.75
Brighton and Hove Albion,Manchester City,2025-08-31T13:00:00Z,Betfair Sportsbook,Manchester City,1.67
Brighton and Hove Albion,Manchester City,2025-08-31T13:00:00Z,Betfair Sportsbook,Draw,3.4
Brighton and Hove Albion,Manchester City,2025-08-31T13:00:00Z,Matchbook,Brighton and Hove Albion,4.5
Brighton and Hove Albion,Manchester City,2025-08-31T13:00:00Z,Matchbook,Manchester City,1.87
Brighton and Hove Albion,Manchester City,2025-08-31T13:00:00Z,Matchbook,Draw,4.1
Brighton and Hove Albion,Manchester City,2025-08-31T13:00:00Z,Matchbook,Brighton and Hove Albion,4.6
Brighton and Hove Albion,Manchester City,2025-08-31T13:00:00Z,Matchbook,Manchester City,1.88
Brighton and Hove Albion,Manchester City,2025-08-31T13:00:00Z,Matchbook,Draw,4.2
Nottingham Forest,West Ham United,2025-08-31T13:00:00Z,Sky Bet,Nottingham Forest,1.85
Nottingham Forest,West Ham United,2025-08-31T13:00:00Z,Sky Bet,West Ham United,4.0
Nottingham Forest,West Ham United,2025-08-31T13:00:00Z,Sky Bet,Draw,3.5
Nottingham Forest,West Ham United,2025-08-31T13:00:00Z,Paddy Power,Nottingham Forest,1.67
Nottingham Forest,West Ham United,2025-08-31T13:00:00Z,Paddy Power,West Ham United,5.0
Nottingham Forest,West Ham United,2025-08-31T13:00:00Z,Paddy Power,Draw,3.75
Nottingham Forest,West Ham United,2025-08-31T13:00:00Z,Smarkets,Nottingham Forest,1.72
Nottingham Forest,West Ham United,2025-08-31T13:00:00Z,Smarkets,West Ham United,5.3
Nottingham Forest,West Ham United,2025-08-31T13:00:00Z,Smarkets,Draw,3.8
Nottingham Forest,West Ham United,2025-08-31T13:00:00Z,Smarkets,Nottingham Forest,1.76
Nottingham Forest,West Ham United,2025-08-31T13:00:00Z,Smarkets,West Ham United,5.8
Nottingham Forest,West Ham United,2025-08-31T13:00:00Z,Smarkets,Draw,4.1
Nottingham Forest,West Ham United,2025-08-31T13:00:00Z,BoyleSports,Nottingham Forest,1.7
Nottingham Forest,West Ham United,2025-08-31T13:00:00Z,BoyleSports,West Ham United,4.75
Nottingham Forest,West Ham United,2025-08-31T13:00:00Z,BoyleSports,Draw,3.75
Nottingham Forest,West Ham United,2025-08-31T13:00:00Z,888sport,Nottingham Forest,1.75
Nottingham Forest,West Ham United,2025-08-31T13:00:00Z,888sport,West Ham United,4.8
Nottingham Forest,West Ham United,2025-08-31T13:00:00Z,888sport,Draw,3.5
Nottingham Forest,West Ham United,2025-08-31T13:00:00Z,William Hill,Nottingham Forest,1.75
Nottingham Forest,West Ham United,2025-08-31T13:00:00Z,William Hill,West Ham United,4.8
Nottingham Forest,West Ham United,2025-08-31T13:00:00Z,William Hill,Draw,3.5
Nottingham Forest,West Ham United,2025-08-31T13:00:00Z,Betfair,Nottingham Forest,1.73
Nottingham Forest,West Ham United,2025-08-31T13:00:00Z,Betfair,West Ham United,5.4
Nottingham Forest,West Ham United,2025-08-31T13:00:00Z,Betfair,Draw,3.85
Nottingham Forest,West Ham United,2025-08-31T13:00:00Z,Betfair,Nottingham Forest,1.76
Nottingham Forest,West Ham United,2025-08-31T13:00:00Z,Betfair,West Ham United,5.8
Nottingham Forest,West Ham United,2025-08-31T13:00:00Z,Betfair,Draw,4.1
Nottingham Forest,West Ham United,2025-08-31T13:00:00Z,Betway,Nottingham Forest,1.67
Nottingham Forest,West Ham United,2025-08-31T13:00:00Z,Betway,West Ham United,4.75
Nottingham Forest,West Ham United,2025-08-31T13:00:00Z,Betway,Draw,3.75
Nottingham Forest,West Ham United,2025-08-31T13:00:00Z,LeoVegas,Nottingham Forest,1.62
Nottingham Forest,West Ham United,2025-08-31T13:00:00Z,LeoVegas,West Ham United,4.4
Nottingham Forest,West Ham United,2025-08-31T13:00:00Z,LeoVegas,Draw,3.6
Nottingham Forest,West Ham United,2025-08-31T13:00:00Z,Casumo,Nottingham Forest,1.67
Nottingham Forest,West Ham United,2025-08-31T13:00:00Z,Casumo,West Ham United,4.75
Nottingham Forest,West Ham United,2025-08-31T13:00:00Z,Casumo,Draw,3.8
Nottingham Forest,West Ham United,2025-08-31T13:00:00Z,Unibet,Nottingham Forest,1.67
Nottingham Forest,West Ham United,2025-08-31T13:00:00Z,Unibet,West Ham United,4.75
Nottingham Forest,West Ham United,2025-08-31T13:00:00Z,Unibet,Draw,3.8
Nottingham Forest,West Ham United,2025-08-31T13:00:00Z,Grosvenor,Nottingham Forest,1.67
Nottingham Forest,West Ham United,2025-08-31T13:00:00Z,Grosvenor,West Ham United,4.75
Nottingham Forest,West Ham United,2025-08-31T13:00:00Z,Grosvenor,Draw,3.8
Nottingham Forest,West Ham United,2025-08-31T13:00:00Z,Bet Victor,Nottingham Forest,1.67
Nottingham Forest,West Ham United,2025-08-31T13:00:00Z,Bet Victor,West Ham United,5.0
Nottingham Forest,West Ham United,2025-08-31T13:00:00Z,Bet Victor,Draw,3.6
Nottingham Forest,West Ham United,2025-08-31T13:00:00Z,Coral,Nottingham Forest,1.73
Nottingham Forest,West Ham United,2025-08-31T13:00:00Z,Coral,West Ham United,4.8
Nottingham Forest,West Ham United,2025-08-31T13:00:00Z,Coral,Draw,3.7
Nottingham Forest,West Ham United,2025-08-31T13:00:00Z,Ladbrokes,Nottingham Forest,1.73
Nottingham Forest,West Ham United,2025-08-31T13:00:00Z,Ladbrokes,West Ham United,4.8
Nottingham Forest,West Ham United,2025-08-31T13:00:00Z,Ladbrokes,Draw,3.6
Nottingham Forest,West Ham United,2025-08-31T13:00:00Z,Betfair Sportsbook,Nottingham Forest,1.62
Nottingham Forest,West Ham United,2025-08-31T13:00:00Z,Betfair Sportsbook,West Ham United,4.5
Nottingham Forest,West Ham United,2025-08-31T13:00:00Z,Betfair Sportsbook,Draw,3.2
Liverpool,Arsenal,2025-08-31T15:30:00Z,Paddy Power,Arsenal,3.6
Liverpool,Arsenal,2025-08-31T15:30:00Z,Paddy Power,Liverpool,2.0
Liverpool,Arsenal,2025-08-31T15:30:00Z,Paddy Power,Draw,3.5
Liverpool,Arsenal,2025-08-31T15:30:00Z,BoyleSports,Arsenal,3.5
Liverpool,Arsenal,2025-08-31T15:30:00Z,BoyleSports,Liverpool,1.95
Liverpool,Arsenal,2025-08-31T15:30:00Z,BoyleSports,Draw,3.5
Liverpool,Arsenal,2025-08-31T15:30:00Z,Smarkets,Arsenal,3.8
Liverpool,Arsenal,2025-08-31T15:30:00Z,Smarkets,Liverpool,2.1
Liverpool,Arsenal,2025-08-31T15:30:00Z,Smarkets,Draw,3.65
Liverpool,Arsenal,2025-08-31T15:30:00Z,Smarkets,Arsenal,3.9
Liverpool,Arsenal,2025-08-31T15:30:00Z,Smarkets,Liverpool,2.14
Liverpool,Arsenal,2025-08-31T15:30:00Z,Smarkets,Draw,3.75
Liverpool,Arsenal,2025-08-31T15:30:00Z,Sky Bet,Arsenal,3.3
Liverpool,Arsenal,2025-08-31T15:30:00Z,Sky Bet,Liverpool,2.05
Liverpool,Arsenal,2025-08-31T15:30:00Z,Sky Bet,Draw,3.5
Liverpool,Arsenal,2025-08-31T15:30:00Z,888sport,Arsenal,3.6
Liverpool,Arsenal,2025-08-31T15:30:00Z,888sport,Liverpool,2.05
Liverpool,Arsenal,2025-08-31T15:30:00Z,888sport,Draw,3.4
Liverpool,Arsenal,2025-08-31T15:30:00Z,William Hill,Arsenal,3.6
Liverpool,Arsenal,2025-08-31T15:30:00Z,William Hill,Liverpool,2.05
Liverpool,Arsenal,2025-08-31T15:30:00Z,William Hill,Draw,3.4
Liverpool,Arsenal,2025-08-31T15:30:00Z,Betfair,Arsenal,3.85
Liverpool,Arsenal,2025-08-31T15:30:00Z,Betfair,Liverpool,2.12
Liverpool,Arsenal,2025-08-31T15:30:00Z,Betfair,Draw,3.7
Liverpool,Arsenal,2025-08-31T15:30:00Z,Betfair,Arsenal,3.9
Liverpool,Arsenal,2025-08-31T15:30:00Z,Betfair,Liverpool,2.14
Liverpool,Arsenal,2025-08-31T15:30:00Z,Betfair,Draw,3.75
Liverpool,Arsenal,2025-08-31T15:30:00Z,Betway,Arsenal,3.5
Liverpool,Arsenal,2025-08-31T15:30:00Z,Betway,Liverpool,1.95
Liverpool,Arsenal,2025-08-31T15:30:00Z,Betway,Draw,3.5
Liverpool,Arsenal,2025-08-31T15:30:00Z,LeoVegas,Arsenal,3.4
Liverpool,Arsenal,2025-08-31T15:30:00Z,LeoVegas,Liverpool,1.85
Liverpool,Arsenal,2025-08-31T15:30:00Z,LeoVegas,Draw,3.45
Liverpool,Arsenal,2025-08-31T15:30:00Z,Casumo,Arsenal,3.6
Liverpool,Arsenal,2025-08-31T15:30:00Z,Casumo,Liverpool,1.92
Liverpool,Arsenal,2025-08-31T15:30:00Z,Casumo,Draw,3.65
Liverpool,Arsenal,2025-08-31T15:30:00Z,Unibet,Arsenal,3.6
Liverpool,Arsenal,2025-08-31T15:30:00Z,Unibet,Liverpool,1.92
Liverpool,Arsenal,2025-08-31T15:30:00Z,Unibet,Draw,3.65
Liverpool,Arsenal,2025-08-31T15:30:00Z,Grosvenor,Arsenal,3.6
Liverpool,Arsenal,2025-08-31T15:30:00Z,Grosvenor,Liverpool,1.92
Liverpool,Arsenal,2025-08-31T15:30:00Z,Grosvenor,Draw,3.65
Liverpool,Arsenal,2025-08-31T15:30:00Z,Bet Victor,Arsenal,3.6
Liverpool,Arsenal,2025-08-31T15:30:00Z,Bet Victor,Liverpool,1.95
Liverpool,Arsenal,2025-08-31T15:30:00Z,Bet Victor,Draw,3.5
Liverpool,Arsenal,2025-08-31T15:30:00Z,Coral,Arsenal,3.5
Liverpool,Arsenal,2025-08-31T15:30:00Z,Coral,Liverpool,2.05
Liverpool,Arsenal,2025-08-31T15:30:00Z,Coral,Draw,3.5
Liverpool,Arsenal,2025-08-31T15:30:00Z,Ladbrokes,Arsenal,3.5
Liverpool,Arsenal,2025-08-31T15:30:00Z,Ladbrokes,Liverpool,2.05
Liverpool,Arsenal,2025-08-31T15:30:00Z,Ladbrokes,Draw,3.5
Aston Villa,Crystal Palace,2025-08-31T18:00:00Z,Paddy Power,Aston Villa,1.8
Aston Villa,Crystal Palace,2025-08-31T18:00:00Z,Paddy Power,Crystal Palace,4.33
Aston Villa,Crystal Palace,2025-08-31T18:00:00Z,Paddy Power,Draw,3.5
Aston Villa,Crystal Palace,2025-08-31T18:00:00Z,Sky Bet,Aston Villa,1.95
Aston Villa,Crystal Palace,2025-08-31T18:00:00Z,Sky Bet,Crystal Palace,3.75
Aston Villa,Crystal Palace,2025-08-31T18:00:00Z,Sky Bet,Draw,3.4
Aston Villa,Crystal Palace,2025-08-31T18:00:00Z,888sport,Aston Villa,1.85
Aston Villa,Crystal Palace,2025-08-31T18:00:00Z,888sport,Crystal Palace,4.2
Aston Villa,Crystal Palace,2025-08-31T18:00:00Z,888sport,Draw,3.4
Aston Villa,Crystal Palace,2025-08-31T18:00:00Z,William Hill,Aston Villa,1.85
Aston Villa,Crystal Palace,2025-08-31T18:00:00Z,William Hill,Crystal Palace,4.2
Aston Villa,Crystal Palace,2025-08-31T18:00:00Z,William Hill,Draw,3.4
Aston Villa,Crystal Palace,2025-08-31T18:00:00Z,Smarkets,Aston Villa,1.87
Aston Villa,Crystal Palace,2025-08-31T18:00:00Z,Smarkets,Crystal Palace,4.5
Aston Villa,Crystal Palace,2025-08-31T18:00:00Z,Smarkets,Draw,3.75
Aston Villa,Crystal Palace,2025-08-31T18:00:00Z,Smarkets,Aston Villa,1.92
Aston Villa,Crystal Palace,2025-08-31T18:00:00Z,Smarkets,Crystal Palace,4.9
Aston Villa,Crystal Palace,2025-08-31T18:00:00Z,Smarkets,Draw,3.85
Aston Villa,Crystal Palace,2025-08-31T18:00:00Z,Betway,Aston Villa,1.83
Aston Villa,Crystal Palace,2025-08-31T18:00:00Z,Betway,Crystal Palace,4.2
Aston Villa,Crystal Palace,2025-08-31T18:00:00Z,Betway,Draw,3.4
Aston Villa,Crystal Palace,2025-08-31T18:00:00Z,Betfair,Aston Villa,1.88
Aston Villa,Crystal Palace,2025-08-31T18:00:00Z,Betfair,Crystal Palace,4.5
Aston Villa,Crystal Palace,2025-08-31T18:00:00Z,Betfair,Draw,3.8
Aston Villa,Crystal Palace,2025-08-31T18:00:00Z,Betfair,Aston Villa,1.92
Aston Villa,Crystal Palace,2025-08-31T18:00:00Z,Betfair,Crystal Palace,4.9
Aston Villa,Crystal Palace,2025-08-31T18:00:00Z,Betfair,Draw,3.85
Aston Villa,Crystal Palace,2025-08-31T18:00:00Z,BoyleSports,Aston Villa,1.75
Aston Villa,Crystal Palace,2025-08-31T18:00:00Z,BoyleSports,Crystal Palace,4.33
Aston Villa,Crystal Palace,2025-08-31T18:00:00Z,BoyleSports,Draw,3.6
Aston Villa,Crystal Palace,2025-08-31T18:00:00Z,LeoVegas,Aston Villa,1.74
Aston Villa,Crystal Palace,2025-08-31T18:00:00Z,LeoVegas,Crystal Palace,4.0
Aston Villa,Crystal Palace,2025-08-31T18:00:00Z,LeoVegas,Draw,3.3
Aston Villa,Crystal Palace,2025-08-31T18:00:00Z,Casumo,Aston Villa,1.8
Aston Villa,Crystal Palace,2025-08-31T18:00:00Z,Casumo,Crystal Palace,4.3
Aston Villa,Crystal Palace,2025-08-31T18:00:00Z,Casumo,Draw,3.5
Aston Villa,Crystal Palace,2025-08-31T18:00:00Z,Unibet,Aston Villa,1.8
Aston Villa,Crystal Palace,2025-08-31T18:00:00Z,Unibet,Crystal Palace,4.3
Aston Villa,Crystal Palace,2025-08-31T18:00:00Z,Unibet,Draw,3.5
Aston Villa,Crystal Palace,2025-08-31T18:00:00Z,Grosvenor,Aston Villa,1.8
Aston Villa,Crystal Palace,2025-08-31T18:00:00Z,Grosvenor,Crystal Palace,4.3
Aston Villa,Crystal Palace,2025-08-31T18:00:00Z,Grosvenor,Draw,3.5
Aston Villa,Crystal Palace,2025-08-31T18:00:00Z,Bet Victor,Aston Villa,1.83
Aston Villa,Crystal Palace,2025-08-31T18:00:00Z,Bet Victor,Crystal Palace,4.1
Aston Villa,Crystal Palace,2025-08-31T18:00:00Z,Bet Victor,Draw,3.5
Aston Villa,Crystal Palace,2025-08-31T18:00:00Z,Coral,Aston Villa,1.85
Aston Villa,Crystal Palace,2025-08-31T18:00:00Z,Coral,Crystal Palace,4.2
Aston Villa,Crystal Palace,2025-08-31T18:00:00Z,Coral,Draw,3.6
Aston Villa,Crystal Palace,2025-08-31T18:00:00Z,Ladbrokes,Aston Villa,1.85
Aston Villa,Crystal Palace,2025-08-31T18:00:00Z,Ladbrokes,Crystal Palace,4.0
Aston Villa,Crystal Palace,2025-08-31T18:00:00Z,Ladbrokes,Draw,3.5
Arsenal,Nottingham Forest,2025-09-13T11:30:00Z,Paddy Power,Arsenal,1.36
Arsenal,Nottingham Forest,2025-09-13T11:30:00Z,Paddy Power,Nottingham Forest,7.5
Arsenal,Nottingham Forest,2025-09-13T11:30:00Z,Paddy Power,Draw,4.5
Arsenal,Nottingham Forest,2025-09-13T11:30:00Z,Smarkets,Arsenal,1.4
Arsenal,Nottingham Forest,2025-09-13T11:30:00Z,Smarkets,Nottingham Forest,6.8
Arsenal,Nottingham Forest,2025-09-13T11:30:00Z,Smarkets,Draw,4.7
Arsenal,Nottingham Forest,2025-09-13T11:30:00Z,Smarkets,Arsenal,1.54
Arsenal,Nottingham Forest,2025-09-13T11:30:00Z,Smarkets,Nottingham Forest,9.6
Arsenal,Nottingham Forest,2025-09-13T11:30:00Z,Smarkets,Draw,6.2
Arsenal,Nottingham Forest,2025-09-13T11:30:00Z,Bet Victor,Arsenal,1.36
Arsenal,Nottingham Forest,2025-09-13T11:30:00Z,Bet Victor,Nottingham Forest,7.5
Arsenal,Nottingham Forest,2025-09-13T11:30:00Z,Bet Victor,Draw,4.75
Arsenal,Nottingham Forest,2025-09-13T11:30:00Z,Betway,Arsenal,1.4
Arsenal,Nottingham Forest,2025-09-13T11:30:00Z,Betway,Nottingham Forest,7.0
Arsenal,Nottingham Forest,2025-09-13T11:30:00Z,Betway,Draw,4.5
Arsenal,Nottingham Forest,2025-09-13T11:30:00Z,888sport,Arsenal,1.4
Arsenal,Nottingham Forest,2025-09-13T11:30:00Z,888sport,Nottingham Forest,7.0
Arsenal,Nottingham Forest,2025-09-13T11:30:00Z,888sport,Draw,4.6
Arsenal,Nottingham Forest,2025-09-13T11:30:00Z,William Hill,Arsenal,1.4
Arsenal,Nottingham Forest,2025-09-13T11:30:00Z,William Hill,Nottingham Forest,7.0
Arsenal,Nottingham Forest,2025-09-13T11:30:00Z,William Hill,Draw,4.6
Everton,Aston Villa,2025-09-13T14:00:00Z,Paddy Power,Aston Villa,2.38
Everton,Aston Villa,2025-09-13T14:00:00Z,Paddy Power,Everton,3.0
Everton,Aston Villa,2025-09-13T14:00:00Z,Paddy Power,Draw,3.2
Everton,Aston Villa,2025-09-13T14:00:00Z,Smarkets,Aston Villa,2.32
Everton,Aston Villa,2025-09-13T14:00:00Z,Smarkets,Everton,3.15
Everton,Aston Villa,2025-09-13T14:00:00Z,Smarkets,Draw,3.15
Everton,Aston Villa,2025-09-13T14:00:00Z,Smarkets,Aston Villa,2.6
Everton,Aston Villa,2025-09-13T14:00:00Z,Smarkets,Everton,3.7
Everton,Aston Villa,2025-09-13T14:00:00Z,Smarkets,Draw,3.7
Everton,Aston Villa,2025-09-13T14:00:00Z,Bet Victor,Aston Villa,2.3
Everton,Aston Villa,2025-09-13T14:00:00Z,Bet Victor,Everton,3.0
Everton,Aston Villa,2025-09-13T14:00:00Z,Bet Victor,Draw,3.25
Everton,Aston Villa,2025-09-13T14:00:00Z,Betway,Aston Villa,2.3
Everton,Aston Villa,2025-09-13T14:00:00Z,Betway,Everton,3.0
Everton,Aston Villa,2025-09-13T14:00:00Z,Betway,Draw,3.2
Everton,Aston Villa,2025-09-13T14:00:00Z,888sport,Aston Villa,2.4
Everton,Aston Villa,2025-09-13T14:00:00Z,888sport,Everton,3.0
Everton,Aston Villa,2025-09-13T14:00:00Z,888sport,Draw,3.2
Everton,Aston Villa,2025-09-13T14:00:00Z,William Hill,Aston Villa,2.4
Everton,Aston Villa,2025-09-13T14:00:00Z,William Hill,Everton,3.0
Everton,Aston Villa,2025-09-13T14:00:00Z,William Hill,Draw,3.2
Bournemouth,Brighton and Hove Albion,2025-09-13T14:00:00Z,Paddy Power,Bournemouth,2.4
Bournemouth,Brighton and Hove Albion,2025-09-13T14:00:00Z,Paddy Power,Brighton and Hove Albion,2.75
Bournemouth,Brighton and Hove Albion,2025-09-13T14:00:00Z,Paddy Power,Draw,3.4
Bournemouth,Brighton and Hove Albion,2025-09-13T14:00:00Z,Smarkets,Bournemouth,2.4
Bournemouth,Brighton and Hove Albion,2025-09-13T14:00:00Z,Smarkets,Brighton and Hove Albion,2.74
Bournemouth,Brighton and Hove Albion,2025-09-13T14:00:00Z,Smarkets,Draw,3.55
Bournemouth,Brighton and Hove Albion,2025-09-13T14:00:00Z,Smarkets,Bournemouth,2.7
Bournemouth,Brighton and Hove Albion,2025-09-13T14:00:00Z,Smarkets,Brighton and Hove Albion,3.2
Bournemouth,Brighton and Hove Albion,2025-09-13T14:00:00Z,Smarkets,Draw,4.3
Bournemouth,Brighton and Hove Albion,2025-09-13T14:00:00Z,Bet Victor,Bournemouth,2.38
Bournemouth,Brighton and Hove Albion,2025-09-13T14:00:00Z,Bet Victor,Brighton and Hove Albion,2.7
Bournemouth,Brighton and Hove Albion,2025-09-13T14:00:00Z,Bet Victor,Draw,3.5
Bournemouth,Brighton and Hove Albion,2025-09-13T14:00:00Z,888sport,Bournemouth,2.4
Bournemouth,Brighton and Hove Albion,2025-09-13T14:00:00Z,888sport,Brighton and Hove Albion,2.75
Bournemouth,Brighton and Hove Albion,2025-09-13T14:00:00Z,888sport,Draw,3.5
Bournemouth,Brighton and Hove Albion,2025-09-13T14:00:00Z,William Hill,Bournemouth,2.4
Bournemouth,Brighton and Hove Albion,2025-09-13T14:00:00Z,William Hill,Brighton and Hove Albion,2.75
Bournemouth,Brighton and Hove Albion,2025-09-13T14:00:00Z,William Hill,Draw,3.5
Bournemouth,Brighton and Hove Albion,2025-09-13T14:00:00Z,Betway,Bournemouth,2.38
Bournemouth,Brighton and Hove Albion,2025-09-13T14:00:00Z,Betway,Brighton and Hove Albion,2.7
Bournemouth,Brighton and Hove Albion,2025-09-13T14:00:00Z,Betway,Draw,3.5
Crystal Palace,Sunderland,2025-09-13T14:00:00Z,Paddy Power,Crystal Palace,1.67
Crystal Palace,Sunderland,2025-09-13T14:00:00Z,Paddy Power,Sunderland,5.0
Crystal Palace,Sunderland,2025-09-13T14:00:00Z,Paddy Power,Draw,3.75
Crystal Palace,Sunderland,2025-09-13T14:00:00Z,Smarkets,Crystal Palace,1.69
Crystal Palace,Sunderland,2025-09-13T14:00:00Z,Smarkets,Sunderland,4.7
Crystal Palace,Sunderland,2025-09-13T14:00:00Z,Smarkets,Draw,3.75
Crystal Palace,Sunderland,2025-09-13T14:00:00Z,Smarkets,Crystal Palace,1.86
Crystal Palace,Sunderland,2025-09-13T14:00:00Z,Smarkets,Sunderland,6.0
Crystal Palace,Sunderland,2025-09-13T14:00:00Z,Smarkets,Draw,4.7
Crystal Palace,Sunderland,2025-09-13T14:00:00Z,Bet Victor,Crystal Palace,1.65
Crystal Palace,Sunderland,2025-09-13T14:00:00Z,Bet Victor,Sunderland,5.0
Crystal Palace,Sunderland,2025-09-13T14:00:00Z,Bet Victor,Draw,3.75
Crystal Palace,Sunderland,2025-09-13T14:00:00Z,Betway,Crystal Palace,1.67
Crystal Palace,Sunderland,2025-09-13T14:00:00Z,Betway,Sunderland,4.75
Crystal Palace,Sunderland,2025-09-13T14:00:00Z,Betway,Draw,3.75
Crystal Palace,Sunderland,2025-09-13T14:00:00Z,888sport,Crystal Palace,1.7
Crystal Palace,Sunderland,2025-09-13T14:00:00Z,888sport,Sunderland,4.8
Crystal Palace,Sunderland,2025-09-13T14:00:00Z,888sport,Draw,3.6
Crystal Palace,Sunderland,2025-09-13T14:00:00Z,William Hill,Crystal Palace,1.7
Crystal Palace,Sunderland,2025-09-13T14:00:00Z,William Hill,Sunderland,4.8
Crystal Palace,Sunderland,2025-09-13T14:00:00Z,William Hill,Draw,3.6
Fulham,Leeds United,2025-09-13T14:00:00Z,Smarkets,Fulham,1.86
Fulham,Leeds United,2025-09-13T14:00:00Z,Smarkets,Leeds United,3.75
Fulham,Leeds United,2025-09-13T14:00:00Z,Smarkets,Draw,3.8
Fulham,Leeds United,2025-09-13T14:00:00Z,Smarkets,Fulham,2.08
Fulham,Leeds United,2025-09-13T14:00:00Z,Smarkets,Leeds United,4.6
Fulham,Leeds United,2025-09-13T14:00:00Z,Smarkets,Draw,4.7
Fulham,Leeds United,2025-09-13T14:00:00Z,888sport,Fulham,1.85
Fulham,Leeds United,2025-09-13T14:00:00Z,888sport,Leeds United,3.9
Fulham,Leeds United,2025-09-13T14:00:00Z,888sport,Draw,3.6
Fulham,Leeds United,2025-09-13T14:00:00Z,William Hill,Fulham,1.85
Fulham,Leeds United,2025-09-13T14:00:00Z,William Hill,Leeds United,3.9
Fulham,Leeds United,2025-09-13T14:00:00Z,William Hill,Draw,3.6
Fulham,Leeds United,2025-09-13T14:00:00Z,Bet Victor,Fulham,1.85
Fulham,Leeds United,2025-09-13T14:00:00Z,Bet Victor,Leeds United,3.9
Fulham,Leeds United,2025-09-13T14:00:00Z,Bet Victor,Draw,3.6
Fulham,Leeds United,2025-09-13T14:00:00Z,Paddy Power,Fulham,1.85
Fulham,Leeds United,2025-09-13T14:00:00Z,Paddy Power,Leeds United,4.0
Fulham,Leeds United,2025-09-13T14:00:00Z,Paddy Power,Draw,3.5
Fulham,Leeds United,2025-09-13T14:00:00Z,Betway,Fulham,1.85
Fulham,Leeds United,2025-09-13T14:00:00Z,Betway,Leeds United,3.6
Fulham,Leeds United,2025-09-13T14:00:00Z,Betway,Draw,3.75
Newcastle United,Wolverhampton Wanderers,2025-09-13T14:00:00Z,Paddy Power,Newcastle United,1.4
Newcastle United,Wolverhampton Wanderers,2025-09-13T14:00:00Z,Paddy Power,Wolverhampton Wanderers,7.0
Newcastle United,Wolverhampton Wanderers,2025-09-13T14:00:00Z,Paddy Power,Draw,4.5
Newcastle United,Wolverhampton Wanderers,2025-09-13T14:00:00Z,Smarkets,Newcastle United,1.43
Newcastle United,Wolverhampton Wanderers,2025-09-13T14:00:00Z,Smarkets,Wolverhampton Wanderers,6.4
Newcastle United,Wolverhampton Wanderers,2025-09-13T14:00:00Z,Smarkets,Draw,4.5
Newcastle United,Wolverhampton Wanderers,2025-09-13T14:00:00Z,Smarkets,Newcastle United,1.58
Newcastle United,Wolverhampton Wanderers,2025-09-13T14:00:00Z,Smarkets,Wolverhampton Wanderers,8.8
Newcastle United,Wolverhampton Wanderers,2025-09-13T14:00:00Z,Smarkets,Draw,5.8
Newcastle United,Wolverhampton Wanderers,2025-09-13T14:00:00Z,Bet Victor,Newcastle United,1.44
Newcastle United,Wolverhampton Wanderers,2025-09-13T14:00:00Z,Bet Victor,Wolverhampton Wanderers,6.5
Newcastle United,Wolverhampton Wanderers,2025-09-13T14:00:00Z,Bet Victor,Draw,4.4
Newcastle United,Wolverhampton Wanderers,2025-09-13T14:00:00Z,Betway,Newcastle United,1.45
Newcastle United,Wolverhampton Wanderers,2025-09-13T14:00:00Z,Betway,Wolverhampton Wanderers,6.0
Newcastle United,Wolverhampton Wanderers,2025-09-13T14:00:00Z,Betway,Draw,4.5
Newcastle United,Wolverhampton Wanderers,2025-09-13T14:00:00Z,888sport,Newcastle United,1.44
Newcastle United,Wolverhampton Wanderers,2025-09-13T14:00:00Z,888sport,Wolverhampton Wanderers,6.5
Newcastle United,Wolverhampton Wanderers,2025-09-13T14:00:00Z,888sport,Draw,4.4
Newcastle United,Wolverhampton Wanderers,2025-09-13T14:00:00Z,William Hill,Newcastle United,1.44
Newcastle United,Wolverhampton Wanderers,2025-09-13T14:00:00Z,William Hill,Wolverhampton Wanderers,6.5
Newcastle United,Wolverhampton Wanderers,2025-09-13T14:00:00Z,William Hill,Draw,4.4
West Ham United,Tottenham Hotspur,2025-09-13T16:30:00Z,Paddy Power,Tottenham Hotspur,1.85
West Ham United,Tottenham Hotspur,2025-09-13T16:30:00Z,Paddy Power,West Ham United,4.0
West Ham United,Tottenham Hotspur,2025-09-13T16:30:00Z,Paddy Power,Draw,3.6
West Ham United,Tottenham Hotspur,2025-09-13T16:30:00Z,Smarkets,Tottenham Hotspur,1.87
West Ham United,Tottenham Hotspur,2025-09-13T16:30:00Z,Smarkets,West Ham United,3.9
West Ham United,Tottenham Hotspur,2025-09-13T16:30:00Z,Smarkets,Draw,3.65
West Ham United,Tottenham Hotspur,2025-09-13T16:30:00Z,Smarkets,Tottenham Hotspur,1.99
West Ham United,Tottenham Hotspur,2025-09-13T16:30:00Z,Smarkets,West Ham United,4.8
West Ham United,Tottenham Hotspur,2025-09-13T16:30:00Z,Smarkets,Draw,4.5
West Ham United,Tottenham Hotspur,2025-09-13T16:30:00Z,Betway,Tottenham Hotspur,1.85
West Ham United,Tottenham Hotspur,2025-09-13T16:30:00Z,Betway,West Ham United,3.75
West Ham United,Tottenham Hotspur,2025-09-13T16:30:00Z,Betway,Draw,3.6
West Ham United,Tottenham Hotspur,2025-09-13T16:30:00Z,888sport,Tottenham Hotspur,1.91
West Ham United,Tottenham Hotspur,2025-09-13T16:30:00Z,888sport,West Ham United,3.8
West Ham United,Tottenham Hotspur,2025-09-13T16:30:00Z,888sport,Draw,3.6
West Ham United,Tottenham Hotspur,2025-09-13T16:30:00Z,William Hill,Tottenham Hotspur,1.91
West Ham United,Tottenham Hotspur,2025-09-13T16:30:00Z,William Hill,West Ham United,3.8
West Ham United,Tottenham Hotspur,2025-09-13T16:30:00Z,William Hill,Draw,3.6
Brentford,Chelsea,2025-09-13T19:00:00Z,Paddy Power,Brentford,4.5
Brentford,Chelsea,2025-09-13T19:00:00Z,Paddy Power,Chelsea,1.73
Brentford,Chelsea,2025-09-13T19:00:00Z,Paddy Power,Draw,3.8
Brentford,Chelsea,2025-09-13T19:00:00Z,Bet Victor,Brentford,4.5
Brentford,Chelsea,2025-09-13T19:00:00Z,Bet Victor,Chelsea,1.7
Brentford,Chelsea,2025-09-13T19:00:00Z,Bet Victor,Draw,3.8
Brentford,Chelsea,2025-09-13T19:00:00Z,Betway,Brentford,4.33
Brentford,Chelsea,2025-09-13T19:00:00Z,Betway,Chelsea,1.73
Brentford,Chelsea,2025-09-13T19:00:00Z,Betway,Draw,3.75
Brentford,Chelsea,2025-09-13T19:00:00Z,888sport,Brentford,4.6
Brentford,Chelsea,2025-09-13T19:00:00Z,888sport,Chelsea,1.73
Brentford,Chelsea,2025-09-13T19:00:00Z,888sport,Draw,3.8
Brentford,Chelsea,2025-09-13T19:00:00Z,William Hill,Brentford,4.6
Brentford,Chelsea,2025-09-13T19:00:00Z,William Hill,Chelsea,1.73
Brentford,Chelsea,2025-09-13T19:00:00Z,William Hill,Draw,3.8
Brentford,Chelsea,2025-09-13T19:00:00Z,Smarkets,Brentford,4.5
Brentford,Chelsea,2025-09-13T19:00:00Z,Smarkets,Chelsea,1.7
Brentford,Chelsea,2025-09-13T19:00:00Z,Smarkets,Draw,3.85
Brentford,Chelsea,2025-09-13T19:00:00Z,Smarkets,Brentford,5.7
Brentford,Chelsea,2025-09-13T19:00:00Z,Smarkets,Chelsea,1.88
Brentford,Chelsea,2025-09-13T19:00:00Z,Smarkets,Draw,4.7
Burnley,Liverpool,2025-09-14T13:00:00Z,Paddy Power,Burnley,10.0
Burnley,Liverpool,2025-09-14T13:00:00Z,Paddy Power,Liverpool,1.29
Burnley,Liverpool,2025-09-14T13:00:00Z,Paddy Power,Draw,5.0
Burnley,Liverpool,2025-09-14T13:00:00Z,Smarkets,Burnley,8.8
Burnley,Liverpool,2025-09-14T13:00:00Z,Smarkets,Liverpool,1.3
Burnley,Liverpool,2025-09-14T13:00:00Z,Smarkets,Draw,5.3
Burnley,Liverpool,2025-09-14T13:00:00Z,Smarkets,Burnley,14.01
Burnley,Liverpool,2025-09-14T13:00:00Z,Smarkets,Liverpool,1.43
Burnley,Liverpool,2025-09-14T13:00:00Z,Smarkets,Draw,7.2
Burnley,Liverpool,2025-09-14T13:00:00Z,Betway,Burnley,9.0
Burnley,Liverpool,2025-09-14T13:00:00Z,Betway,Liverpool,1.3
Burnley,Liverpool,2025-09-14T13:00:00Z,Betway,Draw,5.0
Burnley,Liverpool,2025-09-14T13:00:00Z,888sport,Burnley,9.0
Burnley,Liverpool,2025-09-14T13:00:00Z,888sport,Liverpool,1.33
Burnley,Liverpool,2025-09-14T13:00:00Z,888sport,Draw,5.0
Burnley,Liverpool,2025-09-14T13:00:00Z,William Hill,Burnley,9.0
Burnley,Liverpool,2025-09-14T13:00:00Z,William Hill,Liverpool,1.33
Burnley,Liverpool,2025-09-14T13:00:00Z,William Hill,Draw,5.0
Burnley,Liverpool,2025-09-14T13:00:00Z,Bet Victor,Burnley,9.5
Burnley,Liverpool,2025-09-14T13:00:00Z,Bet Victor,Liverpool,1.3
Burnley,Liverpool,2025-09-14T13:00:00Z,Bet Victor,Draw,5.0
Manchester City,Manchester United,2025-09-14T15:30:00Z,Paddy Power,Manchester City,1.75
Manchester City,Manchester United,2025-09-14T15:30:00Z,Paddy Power,Manchester United,4.2
Manchester City,Manchester United,2025-09-14T15:30:00Z,Paddy Power,Draw,3.8
Manchester City,Manchester United,2025-09-14T15:30:00Z,888sport,Manchester City,1.8
Manchester City,Manchester United,2025-09-14T15:30:00Z,888sport,Manchester United,4.2
Manchester City,Manchester United,2025-09-14T15:30:00Z,888sport,Draw,3.75
Manchester City,Manchester United,2025-09-14T15:30:00Z,William Hill,Manchester City,1.8
Manchester City,Manchester United,2025-09-14T15:30:00Z,William Hill,Manchester United,4.2
Manchester City,Manchester United,2025-09-14T15:30:00Z,William Hill,Draw,3.75
Manchester City,Manchester United,2025-09-14T15:30:00Z,Betway,Manchester City,1.77
Manchester City,Manchester United,2025-09-14T15:30:00Z,Betway,Manchester United,4.0
Manchester City,Manchester United,2025-09-14T15:30:00Z,Betway,Draw,3.75
Manchester City,Manchester United,2025-09-14T15:30:00Z,Smarkets,Manchester City,1.75
Manchester City,Manchester United,2025-09-14T15:30:00Z,Smarkets,Manchester United,4.1
Manchester City,Manchester United,2025-09-14T15:30:00Z,Smarkets,Draw,3.9
Manchester City,Manchester United,2025-09-14T15:30:00Z,Smarkets,Manchester City,1.93
Manchester City,Manchester United,2025-09-14T15:30:00Z,Smarkets,Manchester United,5.2
Manchester City,Manchester United,2025-09-14T15:30:00Z,Smarkets,Draw,4.8
Manchester City,Manchester United,2025-09-14T15:30:00Z,Bet Victor,Manchester City,1.75
Manchester City,Manchester United,2025-09-14T15:30:00Z,Bet Victor,Manchester United,4.1
Manchester City,Manchester United,2025-09-14T15:30:00Z,Bet Victor,Draw,3.9
